{
  "nodes": {
    "images2pdf#1": {
      "contentWidth": 419.64686341410464,
      "rfNode": {
        "position": {
          "x": 590.9532710280373,
          "y": 16.298300764655906
        }
      }
    },
    "copy_file#1": {
      "rfNode": {
        "position": {
          "x": 1074.9532710280373,
          "y": 43.298300764655906
        }
      }
    },
    "list_files_from_folder#1": {
      "contentWidth": 424.38451837298214,
      "rfNode": {
        "position": {
          "x": 96.31182827102793,
          "y": 16.298300764655906
        }
      }
    }
  }
}