{
  "nodes": {
    "images2pdf#1": {
      "contentWidth": 419.64686341410464,
      "rfNode": {
        "position": {
          "x": 967.681820552802,
          "y": 108.29496817166648
        }
      }
    },
    "dir_to_path_list#1": {
      "contentWidth": 450,
      "rfNode": {
        "position": {
          "x": 457.92775477609825,
          "y": 239.88412856085824
        }
      }
    }
  }
}